country,year,NY.GDP.MKTP.CD
China,2013,9.490603e+12
China,2012,8.461623e+12
China,2011,7.492432e+12
China,2010,6.039659e+12
China,2009,5.059420e+12
China,2008,4.558431e+12
United Kingdom,2013,2.678173e+12
United Kingdom,2012,2.614946e+12
United Kingdom,2011,2.592016e+12
United Kingdom,2010,2.407857e+12
United Kingdom,2009,2.308995e+12
United Kingdom,2008,2.791682e+12